dropout,macro_f1
0.1,0.7542712566607525
0.2,0.7413639307829222
0.3,0.7489120855384682
0.4,0.7188973513461308
