lr,macro_f1
1e-05,0.650880262094471
0.0001,0.7664785617483302
0.001,0.8052246444034039
