batch_size,macro_f1
16,0.7834927262982804
32,0.774545556699081
64,0.6645451852488438
