{
  "mean": [
    1.6337462178517397,
    1.6548506051437217,
    1.653640317700454,
    1.6631335098335855,
    0.9430946516226967,
    0.9169548309004606,
    0.7792958147346154,
    0.7679214435370678,
    0.7091856324051035,
    0.711305563340991,
    0.8751851547696968,
    0.8374271069457138,
    0.8497000040402775,
    0.9095543582520865,
    0.6948398220006052,
    0.6911045798046344,
    1.0472874879307819,
    9.244205702759003e-05,
    8.068677233464965e-05,
    0.0001038031982991343,
    0.00010851332736263034,
    0.0003511400882365932,
    0.00029290075883179516,
    0.00019052731316235403,
    0.0003186474015979328,
    3.972125947573003e-05,
    4.176793795602465e-05,
    3.56177960091639e-05,
    3.13810941602642e-05,
    0.0001024604250073692,
    0.04190451698754268,
    0.0582442035916447,
    0.04988622075393795,
    0.06227266094364889,
    0.5
  ],
  "std": [
    0.6824234969170118,
    0.669638594859289,
    0.6666489266473924,
    0.6619943606856213,
    0.2020511028173237,
    0.19760761242596075,
    0.29560461528483833,
    0.3007874966098849,
    0.41805771675110526,
    0.4117832304456897,
    0.24089982460096468,
    0.2379037991352152,
    0.18048947142297148,
    0.18032036988075367,
    0.2575722590609491,
    0.2626450795621917,
    0.11083443920851738,
    0.001202409904754901,
    0.001481660031295974,
    0.0012876690810254949,
    0.0016288360682133736,
    0.0043831037058486705,
    0.0049868163889128,
    0.0038924836246981755,
    0.006460879013475788,
    0.004974495970356413,
    0.005472244047767167,
    0.0012354495424909575,
    0.00040629136699102766,
    0.0032061276544499127,
    0.06029278958687642,
    0.07981927447333148,
    0.06077327978894426,
    0.07259721111585812,
    1e-06
  ]
}