epoch,train_loss,train_acc,val_loss,val_acc
1,1.113812,0.442344,1.168451,0.727273
2,0.910193,0.589792,1.242852,0.757576
