epoch,train_loss,train_acc,val_loss,val_acc
1,1.594892,0.330813,1.287335,0.204545
2,1.510046,0.349716,1.322021,0.257576
3,1.477157,0.370510,1.333846,0.280303
